{
  "attacks_no_defence": {
    "language_id": {
      "accuracy": 0.28888888888888886,
      "f1_macro": 0.27557419305703057,
      "chance": 0.1
    },
    "speaker_turn": {
      "accuracy": 0.8222222222222222,
      "f1_binary": 0.9024390243902439
    },
    "sentiment": {
      "accuracy": 0.45925925925925926,
      "f1_macro": 0.4536010056196391,
      "chance": 0.3333333333333333
    }
  },
  "attacks_dp_defence": {
    "language_id": {
      "accuracy": 0.17037037037037037,
      "f1_macro": 0.15708777174294414,
      "chance": 0.1
    },
    "speaker_turn": {
      "accuracy": 0.8222222222222222,
      "f1_binary": 0.9024390243902439
    },
    "sentiment": {
      "accuracy": 0.4444444444444444,
      "f1_macro": 0.4441851602717593,
      "chance": 0.3333333333333333
    }
  },
  "wer": {
    "baseline": {
      "wer": 0.09406952965235174,
      "latency_ms": 137.38752375551712
    },
    "always_on": {
      "wer": 0.065439672801636,
      "latency_ms": 253.42493703914397
    },
    "selecllm": {
      "wer": 0.07157464212678936,
      "latency_ms": 182.0538886023184
    }
  },
  "latency": {
    "VAD": {
      "mean": 22.0,
      "p50": 22.0,
      "p95": 22.0
    },
    "ASR": {
      "mean": 132.1927699940174,
      "p50": 132.7454970598372,
      "p95": 168.26623823517372
    },
    "SelecLLM": {
      "mean": 40.87268264647829,
      "p50": 0.028687994927167892,
      "p95": 136.17877480750013
    },
    "MT": {
      "mean": 93.77871802697729,
      "p50": 94.23522679099915,
      "p95": 118.0470769757707
    },
    "TTS": {
      "mean": 61.01617476755304,
      "p50": 61.014632414383286,
      "p95": 79.53934910230402
    },
    "E2EE": {
      "mean": 2.0,
      "p50": 2.0,
      "p95": 2.0
    },
    "Total": {
      "mean": 351.860345435026,
      "p50": 331.77073050143485,
      "p95": 465.5230583399376
    }
  },
  "ablation": {
    "Conf. only": {
      "wer": 0.08588957055214724,
      "routed_pct": 0.0,
      "latency_ms": 140.82002143839122
    },
    "PPL only": {
      "wer": 0.05725971370143149,
      "routed_pct": 24.444444444444443,
      "latency_ms": 166.70714345382154
    },
    "Both (ours)": {
      "wer": 0.07157464212678936,
      "routed_pct": 28.888888888888886,
      "latency_ms": 170.72349828468643
    }
  }
}